Picture,Noise,Filter,MSE⬇️,RASE⬇️,UQI⬆️,PSNR⬆️,SSIM⬆️,SCC⬆️
leaves,gaussian_noise,My Filter,18.33325958251953,222.1831326633487,0.9990117806263469,35.498406731643776,0.9223604782315392,0.5555505607009038
leaves,gaussian_noise,Median Filter,63.750755310058594,384.7003340766384,0.9946123070346943,30.085950262709787,0.8379391940016724,0.13869102238993522
leaves,poisson_noise,My Filter,118.39821370442708,594.3501244548406,0.9869867092744647,27.397352107121115,0.9135526165179558,0.5523223247617887
leaves,poisson_noise,Median Filter,158.9312375386556,681.6318998322765,0.984265208069433,26.11871095772748,0.8330400457354193,0.13779059482111392
leaves,speckle_noise,My Filter,18.33293914794922,222.1811625245498,0.9990117896689742,35.49848263968471,0.9223639170930458,0.5555484066830347
leaves,speckle_noise,Median Filter,63.75081125895182,384.70062795584244,0.9946123012901656,30.085946451259268,0.8379398687910112,0.13870959025221333
leaves,sp_noise,My Filter,1885.7556432088215,2381.274216841132,0.902864589130103,15.375949448321576,0.18155921756390128,0.06690566941436453
leaves,sp_noise,Median Filter,192.406982421875,726.7178788808674,0.9853210673794317,25.28859532395499,0.6603889865958746,0.06574696870622676
